player_key,player_name,team_key,team_name,position,stat_id,stat_value
466.p.3704,LeBron James,466.l.165651.t.1,MARK HENRY ALCANTARA,"SF,PF",0,6
466.p.3930,Chris Paul,,,,0,16
466.p.4152,Kyle Lowry,,,,0,3
466.p.4163,P.J. Tucker,,,,0,-
466.p.4244,Kevin Durant,466.l.165651.t.5,IBA KA,"SG,SF,PF",0,18
466.p.4245,Al Horford,,,,0,13
466.p.4246,Mike Conley,,,,0,22
466.p.4247,Jeff Green,,,,0,9
466.p.4390,Russell Westbrook,466.l.165651.t.3,The Way of the Wemby,"PG,SG",0,22
466.p.4391,Kevin Love,,,,0,13
466.p.4469,Eric Gordon,,,,0,5
466.p.4472,Brook Lopez,,,,0,17
466.p.4487,Nicolas Batum,,,,0,23
466.p.4497,DeAndre Jordan,,,,0,2
466.p.4563,James Harden,466.l.165651.t.10,ü•∂ ü•∂ ü•∂,"PG,SG",0,22
466.p.4612,Stephen Curry,466.l.165651.t.13,üåÅ Warriors Throwback üí¶,PG,0,16
466.p.4614,DeMar DeRozan,466.l.165651.t.3,The Way of the Wemby,"SF,PF",0,22
466.p.4621,James Johnson,,,,0,-
466.p.4622,Jrue Holiday,466.l.165651.t.14,Mervyn's Swag Team,"PG,SG",0,12
466.p.4631,Taj Gibson,,,,0,-
466.p.4660,Patty Mills,,,,0,-
466.p.4682,Garrett Temple,,,,0,4
466.p.4725,Paul George,466.l.165651.t.4,ü¶åü¶å ü¶å,"SG,SF,PF",0,7
466.p.4840,Kyrie Irving,466.l.165651.t.10,ü•∂ ü•∂ ü•∂,PG,0,-
466.p.4884,Tristan Thompson,,,,0,-
466.p.4886,Jonas Valanƒçi≈´nas,,,,0,22
466.p.4888,Bismack Biyombo,,,,0,8
466.p.4892,Klay Thompson,466.l.165651.t.13,üåÅ Warriors Throwback üí¶,"SG,SF",0,23
466.p.4893,Alec Burks,,,,0,-
466.p.4894,Markieff Morris,,,,0,-
466.p.4896,Kawhi Leonard,466.l.165651.t.4,ü¶åü¶å ü¶å,"SF,PF",0,13
466.p.4897,Nikola Vuƒçeviƒá,466.l.165651.t.8,Zesty Squad,C,0,21
466.p.4901,Tobias Harris,466.l.165651.t.4,ü¶åü¶å ü¶å,PF,0,14
466.p.4906,Reggie Jackson,,,,0,-
466.p.4911,Cory Joseph,,,,0,-
466.p.4912,Jimmy Butler III,466.l.165651.t.11,Denzel's Grand Team,"SG,SF,PF",0,20
466.p.5007,Anthony Davis,466.l.165651.t.6,ICC Defenders,"PF,C",0,9
466.p.5009,Bradley Beal,,,,0,6
466.p.5012,Damian Lillard,,,,0,-
466.p.5013,Harrison Barnes,466.l.165651.t.8,Zesty Squad,"SF,PF",0,22
466.p.5015,Andre Drummond,466.l.165651.t.9,Donation Only,C,0,21
466.p.5068,Jae Crowder,,,,0,-
466.p.5069,Draymond Green,466.l.165651.t.9,Donation Only,"PF,C",0,20
466.p.5073,Khris Middleton,466.l.165651.t.12,Gab's Minions,"SF,PF",0,16
466.p.5156,Alex Len,,,,0,-
466.p.5159,Kentavious Caldwell-Pope,,,,0,23
466.p.5161,CJ McCollum,466.l.165651.t.10,ü•∂ ü•∂ ü•∂,"PG,SG",0,21
466.p.5163,Steven Adams,466.l.165651.t.3,The Way of the Wemby,C,0,17
466.p.5164,Kelly Olynyk,,,,0,12
466.p.5185,Giannis Antetokounmpo,466.l.165651.t.4,ü¶åü¶å ü¶å,"PF,C",0,17
466.p.5187,Dennis Schr√∂der,466.l.165651.t.7,Sakuragi,"PG,SG",0,18
466.p.5192,Mason Plumlee,,,,0,9
466.p.5194,Tim Hardaway Jr.,,,,0,22
466.p.5197,Rudy Gobert,466.l.165651.t.11,Denzel's Grand Team,C,0,22
466.p.5245,Seth Curry,,,,0,2
466.p.5292,Andrew Wiggins,466.l.165651.t.5,IBA KA,"SG,SF,PF",0,20
466.p.5294,Joel Embiid,466.l.165651.t.5,IBA KA,C,0,8
466.p.5295,Aaron Gordon,466.l.165651.t.7,Sakuragi,"PF,C",0,13
466.p.5316,Dant√© Exum,,,,0,-
466.p.5317,Marcus Smart,,,,0,14
466.p.5318,Julius Randle,466.l.165651.t.12,Gab's Minions,"PF,C",0,22
466.p.5321,Elfrid Payton,,,,0,-
466.p.5322,Doug McDermott,,,,0,1
466.p.5323,Dario ≈†ariƒá,,,,0,3
466.p.5324,Zach LaVine,466.l.165651.t.13,üåÅ Warriors Throwback üí¶,"PG,SG,SF",0,20
466.p.5327,Jusuf Nurkiƒá,466.l.165651.t.6,ICC Defenders,C,0,21
466.p.5330,Gary Harris,,,,0,15
466.p.5336,Clint Capela,,,,0,19
466.p.5338,Bogdan Bogdanoviƒá,,,,0,9
466.p.5341,Kyle Anderson,,,,0,8
466.p.5349,Spencer Dinwiddie,,,,0,-
466.p.5350,Jerami Grant,466.l.165651.t.7,Sakuragi,"SF,PF",0,22
466.p.5352,Nikola Jokiƒá,466.l.165651.t.1,MARK HENRY ALCANTARA,C,0,22
466.p.5356,Dwight Powell,,,,0,19
466.p.5357,Jordan Clarkson,,,,0,22
466.p.5362,Thanasis Antetokounmpo,,,,0,8
466.p.5363,Vasilije Miciƒá,,,,0,-
466.p.5393,Joe Ingles,,,,0,6
466.p.5432,Karl-Anthony Towns,466.l.165651.t.8,Zesty Squad,"PF,C",0,22
466.p.5433,D'Angelo Russell,,,,0,20
466.p.5464,Kristaps Porzi≈Üƒ£is,466.l.165651.t.1,MARK HENRY ALCANTARA,"PF,C",0,13
466.p.5471,Myles Turner,466.l.165651.t.7,Sakuragi,C,0,24
466.p.5472,Trey Lyles,,,,0,-
466.p.5473,Devin Booker,466.l.165651.t.14,Mervyn's Swag Team,"PG,SG",0,22
466.p.5474,Cameron Payne,,,,0,-
466.p.5475,Kelly Oubre Jr.,466.l.165651.t.11,Denzel's Grand Team,"SF,PF",0,12
466.p.5476,Terry Rozier,,,,0,-
466.p.5480,Delon Wright,,,,0,-
466.p.5482,Bobby Portis,466.l.165651.t.14,Mervyn's Swag Team,"PF,C",0,24
466.p.5484,Tyus Jones,,,,0,23
466.p.5487,Larry Nance Jr.,,,,0,16
466.p.5490,Kevon Looney,,,,0,12
466.p.5497,Richaun Holmes,,,,0,-
466.p.5500,Josh Richardson,,,,0,-
466.p.5501,Pat Connaughton,,,,0,12
466.p.5506,Norman Powell,466.l.165651.t.7,Sakuragi,"SG,SF",0,18
466.p.5582,T.J. McConnell,466.l.165651.t.2,Matalim Dede,PG,0,13
466.p.5600,Ben Simmons,,,,0,-
466.p.5601,Brandon Ingram,466.l.165651.t.7,Sakuragi,"SG,SF,PF",0,24
466.p.5602,Jaylen Brown,466.l.165651.t.11,Denzel's Grand Team,"SG,SF",0,22
466.p.5636,Kris Dunn,466.l.165651.t.6,ICC Defenders,"PG,SG",0,23
466.p.5637,Buddy Hield,466.l.165651.t.1,MARK HENRY ALCANTARA,"SG,SF",0,23
466.p.5638,Jamal Murray,466.l.165651.t.8,Zesty Squad,"PG,SG",0,21
466.p.5640,Jakob Poeltl,466.l.165651.t.1,MARK HENRY ALCANTARA,C,0,17
466.p.5642,Domantas Sabonis,466.l.165651.t.12,Gab's Minions,C,0,11
466.p.5643,Taurean Prince,,,,0,8
466.p.5647,Guerschon Yabusele,,,,0,21
466.p.5650,Malik Beasley,,,,0,-
466.p.5651,Caris LeVert,,,,0,17
466.p.5658,Pascal Siakam,466.l.165651.t.11,Denzel's Grand Team,"SF,PF,C",0,22
466.p.5659,Skal Labissi√®re,,,,0,-
466.p.5660,Dejounte Murray,466.l.165651.t.5,IBA KA,"PG,SG",0,-
466.p.5663,Ivica Zubac,466.l.165651.t.10,ü•∂ ü•∂ ü•∂,C,0,23
466.p.5667,Malcolm Brogdon,,,,0,-
466.p.5681,Georges Niang,,,,0,-
466.p.5693,Dorian Finney-Smith,,,,0,-
466.p.5727,Fred VanVleet,,,,0,-
466.p.5733,Damion Lee,,,,0,-
466.p.5739,Gary Payton II,,,,0,22
466.p.5747,Derrick Jones Jr.,,,,0,13
466.p.5754,Alex Caruso,,,,0,15
466.p.5763,Markelle Fultz,,,,0,-
466.p.5764,Lonzo Ball,,,,0,18
466.p.5765,Jayson Tatum,,,,0,-
466.p.5767,De'Aaron Fox,466.l.165651.t.1,MARK HENRY ALCANTARA,"PG,SG",0,14
466.p.5768,Jonathan Isaac,,,,0,20
466.p.5769,Lauri Markkanen,466.l.165651.t.7,Sakuragi,"SF,PF",0,22
466.p.5822,Dennis Smith Jr.,,,,0,-
466.p.5823,Zach Collins,,,,0,1
466.p.5824,Malik Monk,466.l.165651.t.8,Zesty Squad,SG,0,19
466.p.5825,Luke Kennard,,,,0,21
466.p.5826,Donovan Mitchell,466.l.165651.t.5,IBA KA,"PG,SG",0,22
466.p.5827,Bam Adebayo,466.l.165651.t.9,Donation Only,"PF,C",0,17
466.p.5832,John Collins,466.l.165651.t.5,IBA KA,"PF,C",0,23
466.p.5835,Jarrett Allen,466.l.165651.t.14,Mervyn's Swag Team,C,0,15
466.p.5836,OG Anunoby,466.l.165651.t.6,ICC Defenders,"SF,PF",0,13
466.p.5840,Kyle Kuzma,466.l.165651.t.10,ü•∂ ü•∂ ü•∂,"SF,PF",0,23
466.p.5841,Tony Bradley,,,,0,21
466.p.5842,Derrick White,466.l.165651.t.1,MARK HENRY ALCANTARA,"PG,SG",0,22
466.p.5843,Josh Hart,466.l.165651.t.2,Matalim Dede,"SG,SF,PF",0,21
466.p.5855,Thomas Bryant,,,,0,17
466.p.5856,Isaiah Hartenstein,466.l.165651.t.7,Sakuragi,C,0,19
466.p.5858,Dillon Brooks,466.l.165651.t.4,ü¶åü¶å ü¶å,"SF,PF",0,17
466.p.5862,Vlatko ƒåanƒçar,,,,0,-
466.p.5864,Mont√© Morris,,,,0,6
466.p.5892,Maxi Kleber,,,,0,10
466.p.5893,Torrey Craig,,,,0,-
466.p.5894,Chris Boucher,,,,0,8
466.p.5903,Luke Kornet,466.l.165651.t.7,Sakuragi,C,0,14
466.p.5905,Royce O'Neale,466.l.165651.t.7,Sakuragi,"SF,PF",0,23
466.p.5908,Nigel Hayes-Davis,,,,0,17
466.p.5958,Deandre Ayton,466.l.165651.t.1,MARK HENRY ALCANTARA,C,0,20
466.p.5959,Marvin Bagley III,466.l.165651.t.5,IBA KA,"PF,C",0,17
466.p.6014,Luka Donƒçiƒá,466.l.165651.t.12,Gab's Minions,"PG,SG",0,16
466.p.6015,Jaren Jackson Jr.,466.l.165651.t.14,Mervyn's Swag Team,"PF,C",0,21
466.p.6016,Trae Young,466.l.165651.t.10,ü•∂ ü•∂ ü•∂,PG,0,5
466.p.6017,Mo Bamba,,,,0,-
466.p.6018,Wendell Carter Jr.,466.l.165651.t.14,Mervyn's Swag Team,C,0,22
466.p.6019,Collin Sexton,466.l.165651.t.8,Zesty Squad,"PG,SG",0,21
466.p.6020,Kevin Knox II,,,,0,-
466.p.6021,Mikal Bridges,466.l.165651.t.13,üåÅ Warriors Throwback üí¶,"SG,SF,PF",0,22
466.p.6022,Shai Gilgeous-Alexander,466.l.165651.t.9,Donation Only,PG,0,23
466.p.6023,Miles Bridges,466.l.165651.t.11,Denzel's Grand Team,"SF,PF",0,23
466.p.6025,Michael Porter Jr.,466.l.165651.t.14,Mervyn's Swag Team,"SF,PF",0,18
466.p.6028,Donte DiVincenzo,466.l.165651.t.6,ICC Defenders,"PG,SG",0,22
466.p.6029,Lonnie Walker IV,,,,0,-
466.p.6030,Kevin Huerter,,,,0,19
466.p.6031,Josh Okogie,466.l.165651.t.6,ICC Defenders,"SG,SF",0,20
466.p.6032,Grayson Allen,466.l.165651.t.14,Mervyn's Swag Team,"SG,SF",0,15
466.p.6034,Aaron Holiday,,,,0,15
466.p.6035,Anfernee Simons,466.l.165651.t.11,Denzel's Grand Team,"PG,SG",0,23
466.p.6036,Moritz Wagner,,,,0,-
466.p.6037,Landry Shamet,,,,0,15
466.p.6038,Robert Williams III,466.l.165651.t.13,üåÅ Warriors Throwback üí¶,C,0,15
466.p.6043,Jevon Carter,,,,0,13
466.p.6044,Jalen Brunson,466.l.165651.t.7,Sakuragi,PG,0,20
466.p.6047,Mitchell Robinson,,,,0,14
466.p.6048,Gary Trent Jr.,,,,0,24
466.p.6052,Jarred Vanderbilt,,,,0,14
466.p.6053,Bruce Brown,,,,0,22
466.p.6057,De'Anthony Melton,466.l.165651.t.10,ü•∂ ü•∂ ü•∂,"PG,SG",0,1
466.p.6058,Svi Mykhailiuk,,,,0,22
466.p.6061,Alize Johnson,,,,0,-
466.p.6065,Shake Milton,,,,0,-
466.p.6073,Duncan Robinson,466.l.165651.t.14,Mervyn's Swag Team,"SG,SF",0,21
466.p.6076,Kenrich Williams,,,,0,5
466.p.6109,Drew Eubanks,,,,0,22
466.p.6133,Jordan McLaughlin,,,,0,8
466.p.6155,Haywood Highsmith,,,,0,-
466.p.6163,Zion Williamson,466.l.165651.t.11,Denzel's Grand Team,"SF,PF,C",0,10
466.p.6164,Ja Morant,466.l.165651.t.1,MARK HENRY ALCANTARA,PG,0,12
466.p.6165,RJ Barrett,466.l.165651.t.4,ü¶åü¶å ü¶å,"SG,SF,PF",0,17
466.p.6166,De'Andre Hunter,466.l.165651.t.4,ü¶åü¶å ü¶å,"SF,PF",0,20
466.p.6167,Darius Garland,466.l.165651.t.13,üåÅ Warriors Throwback üí¶,PG,0,8
466.p.6169,Coby White,466.l.165651.t.1,MARK HENRY ALCANTARA,"PG,SG",0,6
466.p.6170,Jaxson Hayes,,,,0,19
466.p.6171,Rui Hachimura,,,,0,21
466.p.6173,Cameron Johnson,466.l.165651.t.9,Donation Only,"SG,SF,PF",0,21
466.p.6174,P.J. Washington,466.l.165651.t.11,Denzel's Grand Team,"SF,PF,C",0,19
466.p.6175,Tyler Herro,466.l.165651.t.5,IBA KA,"PG,SG",0,5
466.p.6204,Chuma Okeke,,,,0,-
466.p.6205,Nickeil Alexander-Walker,466.l.165651.t.14,Mervyn's Swag Team,"PG,SG,SF",0,22
466.p.6206,Goga Bitadze,466.l.165651.t.3,The Way of the Wemby,C,0,22
466.p.6208,Matisse Thybulle,,,,0,4
466.p.6209,Brandon Clarke,,,,0,-
466.p.6210,Grant Williams,,,,0,-
466.p.6212,Ty Jerome,,,,0,-
466.p.6216,Jordan Poole,466.l.165651.t.13,üåÅ Warriors Throwback üí¶,"PG,SG",0,7
466.p.6217,Keldon Johnson,466.l.165651.t.8,Zesty Squad,"SF,PF",0,22
466.p.6218,Kevin Porter Jr.,466.l.165651.t.2,Matalim Dede,"PG,SG",0,5
466.p.6219,Nic Claxton,466.l.165651.t.3,The Way of the Wemby,C,0,22
466.p.6224,Cody Martin,,,,0,4
466.p.6226,Daniel Gafford,,,,0,15
466.p.6232,Bol Bol,,,,0,-
466.p.6234,Talen Horton-Tucker,,,,0,-
466.p.6236,Terance Mann,,,,0,20
466.p.6240,Jalen McDaniels,,,,0,-
466.p.6253,Naz Reid,466.l.165651.t.11,Denzel's Grand Team,"PF,C",0,22
466.p.6254,Luguentz Dort,,,,0,15
466.p.6255,John Konchar,,,,0,21
466.p.6256,Dean Wade,,,,0,22
466.p.6259,Garrison Mathews,,,,0,8
466.p.6267,Max Strus,,,,0,-
466.p.6269,Javonte Green,,,,0,23
466.p.6275,Caleb Martin,,,,0,21
466.p.6276,DaQuan Jeffries,,,,0,-
466.p.6280,Terence Davis,,,,0,-
466.p.6289,Moses Brown,,,,0,-
466.p.6293,Charlie Brown Jr.,,,,0,-
466.p.6315,Amir Coffey,,,,0,17
466.p.6326,Marques Bolden,,,,0,-
466.p.6353,Gabe Vincent,,,,0,11
466.p.6355,Anthony Edwards,466.l.165651.t.7,Sakuragi,"PG,SG",0,18
466.p.6356,James Wiseman,,,,0,1
466.p.6395,LaMelo Ball,466.l.165651.t.9,Donation Only,"PG,SG",0,16
466.p.6396,Patrick Williams,,,,0,21
466.p.6397,Isaac Okoro,,,,0,15
466.p.6398,Onyeka Okongwu,466.l.165651.t.6,ICC Defenders,"PF,C",0,23
466.p.6399,Killian Hayes,,,,0,-
466.p.6400,Obi Toppin,,,,0,3
466.p.6401,Deni Avdija,466.l.165651.t.12,Gab's Minions,"SG,SF,PF",0,23
466.p.6402,Jalen Smith,,,,0,18
466.p.6403,Devin Vassell,466.l.165651.t.14,Mervyn's Swag Team,"SG,SF",0,22
466.p.6404,Tyrese Haliburton,,,,0,-
466.p.6406,Aaron Nesmith,466.l.165651.t.12,Gab's Minions,"SG,SF",0,11
466.p.6407,Cole Anthony,,,,0,22
466.p.6408,Isaiah Stewart,466.l.165651.t.12,Gab's Minions,"PF,C",0,20
466.p.6410,Josh Green,,,,0,-
466.p.6411,Saddiq Bey,466.l.165651.t.4,ü¶åü¶å ü¶å,"SF,PF",0,22
466.p.6412,Precious Achiuwa,,,,0,15
466.p.6413,Tyrese Maxey,466.l.165651.t.13,üåÅ Warriors Throwback üí¶,PG,0,22
466.p.6414,Zeke Nnaji,,,,0,13
466.p.6417,Immanuel Quickley,466.l.165651.t.4,ü¶åü¶å ü¶å,"PG,SG",0,24
466.p.6418,Payton Pritchard,466.l.165651.t.13,üåÅ Warriors Throwback üí¶,PG,0,23
466.p.6420,Jaden McDaniels,466.l.165651.t.9,Donation Only,"SF,PF",0,21
466.p.6422,Desmond Bane,466.l.165651.t.12,Gab's Minions,"SG,SF",0,23
466.p.6427,Xavier Tillman,,,,0,11
466.p.6429,V√≠t Krejƒç√≠,,,,0,20
466.p.6433,Tre Jones,466.l.165651.t.12,Gab's Minions,"PG,SG",0,17
466.p.6434,Nick Richards,,,,0,22
466.p.6441,Isaiah Joe,,,,0,17
466.p.6444,KJ Martin,,,,0,-
466.p.6450,Paul Reed,,,,0,17
466.p.6452,Sam Merrill,,,,0,12
466.p.6453,Mason Jones,,,,0,-
466.p.6459,Lamar Stevens,,,,0,-
466.p.6463,Jae'Sean Tate,,,,0,13
466.p.6471,Anthony Gill,,,,0,8
466.p.6499,Naji Marshall,466.l.165651.t.2,Matalim Dede,"SF,PF",0,24
466.p.6500,Trevelin Queen,,,,0,-
466.p.6512,Cade Cunningham,466.l.165651.t.2,Matalim Dede,"PG,SG",0,20
466.p.6513,Jalen Green,466.l.165651.t.2,Matalim Dede,"PG,SG",0,2
466.p.6514,Evan Mobley,466.l.165651.t.10,ü•∂ ü•∂ ü•∂,"PF,C",0,23
466.p.6515,Scottie Barnes,466.l.165651.t.9,Donation Only,"SG,SF,PF",0,24
466.p.6516,Jalen Suggs,466.l.165651.t.8,Zesty Squad,"PG,SG",0,18
466.p.6548,Josh Giddey,466.l.165651.t.10,ü•∂ ü•∂ ü•∂,"PG,SG",0,20
466.p.6549,Jonathan Kuminga,466.l.165651.t.10,ü•∂ ü•∂ ü•∂,"SF,PF",0,16
466.p.6550,Franz Wagner,466.l.165651.t.4,ü¶åü¶å ü¶å,"SF,PF",0,23
466.p.6551,Davion Mitchell,466.l.165651.t.3,The Way of the Wemby,PG,0,23
466.p.6552,Ziaire Williams,,,,0,19
466.p.6556,Moses Moody,,,,0,21
466.p.6557,Corey Kispert,,,,0,17
466.p.6558,Alperen Sengun,466.l.165651.t.6,ICC Defenders,"PF,C",0,19
466.p.6559,Trey Murphy III,466.l.165651.t.5,IBA KA,"SG,SF,PF",0,21
466.p.6560,Tre Mann,,,,0,18
466.p.6561,Kai Jones,,,,0,-
466.p.6562,Jalen Johnson,466.l.165651.t.6,ICC Defenders,"SF,PF",0,21
466.p.6563,Keon Johnson,,,,0,-
466.p.6564,Isaiah Jackson,466.l.165651.t.13,üåÅ Warriors Throwback üí¶,C,0,23
466.p.6566,Josh Christopher,,,,0,-
466.p.6567,Quentin Grimes,466.l.165651.t.2,Matalim Dede,"SG,SF",0,21
466.p.6568,Bones Hyland,,,,0,14
466.p.6569,Cam Thomas,466.l.165651.t.13,üåÅ Warriors Throwback üí¶,"SG,SF",0,8
466.p.6570,Jaden Springer,,,,0,-
466.p.6571,Day'Ron Sharpe,466.l.165651.t.7,Sakuragi,C,0,21
466.p.6572,Santi Aldama,466.l.165651.t.4,ü¶åü¶å ü¶å,"PF,C",0,23
466.p.6574,Jeremiah Robinson-Earl,,,,0,17
466.p.6575,Jason Preston,,,,0,-
466.p.6577,Herbert Jones,466.l.165651.t.1,MARK HENRY ALCANTARA,"SF,PF",0,16
466.p.6578,Miles McBride,466.l.165651.t.12,Gab's Minions,"PG,SG",0,19
466.p.6579,JT Thor,,,,0,-
466.p.6580,Ayo Dosunmu,466.l.165651.t.10,ü•∂ ü•∂ ü•∂,"SG,SF",0,19
466.p.6581,Neemias Queta,466.l.165651.t.3,The Way of the Wemby,"PF,C",0,21
466.p.6582,Jared Butler,,,,0,-
466.p.6584,Isaiah Livers,,,,0,13
466.p.6586,Kessler Edwards,,,,0,-
466.p.6588,Dalano Banton,,,,0,-
466.p.6590,Sharife Cooper,,,,0,4
466.p.6593,Brandon Boston,,,,0,-
466.p.6594,Luka Garza,,,,0,19
466.p.6595,Charles Bassey,,,,0,2
466.p.6596,Sandro Mamukelashvili,466.l.165651.t.13,üåÅ Warriors Throwback üí¶,"PF,C",0,23
466.p.6597,Aaron Wiggins,,,,0,12
466.p.6600,Jericho Sims,466.l.165651.t.4,ü¶åü¶å ü¶å,C,0,18
466.p.6603,A.J. Lawson,,,,0,-
466.p.6604,Trendon Watford,,,,0,14
466.p.6606,Austin Reaves,466.l.165651.t.8,Zesty Squad,"PG,SG,SF",0,19
466.p.6613,Jose Alvarado,,,,0,22
466.p.6614,Jock Landale,,,,0,23
466.p.6616,Jordan Goodwin,466.l.165651.t.12,Gab's Minions,"PG,SG",0,20
466.p.6617,Jay Huff,466.l.165651.t.2,Matalim Dede,C,0,23
466.p.6619,Sam Hauser,,,,0,23
466.p.6624,David Duke Jr.,,,,0,-
466.p.6628,Mac McClung,,,,0,3
466.p.6632,Justin Champagnie,,,,0,19
466.p.6636,Jeff Dowtin Jr.,,,,0,-
466.p.6637,Ethan Thompson,,,,0,3
466.p.6652,Dru Smith,,,,0,23
466.p.6653,Javonte Smart,,,,0,-
466.p.6654,Matt Ryan,,,,0,-
466.p.6655,Micah Potter,,,,0,-
466.p.6660,Malcolm Hill,,,,0,-
466.p.6661,Jalen Crutcher,,,,0,-
466.p.6662,Cameron McGriff,,,,0,-
466.p.6673,Olivier Sarr,,,,0,-
466.p.6679,Brandon Williams,,,,0,22
466.p.6686,Braxton Key,,,,0,-
466.p.6687,Lindy Waters III,,,,0,11
466.p.6691,Paolo Banchero,466.l.165651.t.2,Matalim Dede,"PF,C",0,13
466.p.6692,Chet Holmgren,466.l.165651.t.2,Matalim Dede,"PF,C",0,19
466.p.6693,Jabari Smith Jr.,466.l.165651.t.5,IBA KA,"SF,PF,C",0,19
466.p.6694,Keegan Murray,466.l.165651.t.14,Mervyn's Swag Team,"SF,PF",0,7
466.p.6695,Jaden Ivey,466.l.165651.t.10,ü•∂ ü•∂ ü•∂,"PG,SG",0,8
466.p.6696,Bennedict Mathurin,466.l.165651.t.5,IBA KA,"SG,SF",0,12
466.p.6697,Shaedon Sharpe,466.l.165651.t.9,Donation Only,"SG,SF",0,19
466.p.6698,Dyson Daniels,466.l.165651.t.3,The Way of the Wemby,"PG,SG,SF",0,24
466.p.6699,Jeremy Sochan,,,,0,16
466.p.6701,Ousmane Dieng,,,,0,15
466.p.6702,Jalen Williams,466.l.165651.t.8,Zesty Squad,"SF,PF",0,4
466.p.6703,Jalen Duren,466.l.165651.t.2,Matalim Dede,C,0,20
466.p.6704,Ochai Agbaji,,,,0,16
466.p.6705,Mark Williams,466.l.165651.t.14,Mervyn's Swag Team,C,0,19
466.p.6707,Tari Eason,466.l.165651.t.8,Zesty Squad,"SF,PF",0,11
466.p.6708,Dalen Terry,,,,0,12
466.p.6709,Jake LaRavia,,,,0,22
466.p.6710,Malaki Branham,,,,0,10
466.p.6711,Christian Braun,466.l.165651.t.11,Denzel's Grand Team,"SG,SF",0,11
466.p.6712,Walker Kessler,,,,0,5
466.p.6713,David Roddy,,,,0,-
466.p.6714,MarJon Beauchamp,,,,0,-
466.p.6715,Blake Wesley,,,,0,6
466.p.6716,Wendell Moore Jr.,,,,0,3
466.p.6717,Nikola Joviƒá,,,,0,17
466.p.6718,Patrick Baldwin Jr.,,,,0,-
466.p.6719,TyTy Washington Jr.,,,,0,-
466.p.6720,Peyton Watson,466.l.165651.t.1,MARK HENRY ALCANTARA,"SF,PF",0,22
466.p.6721,Andrew Nembhard,466.l.165651.t.5,IBA KA,"PG,SG",0,15
466.p.6722,Caleb Houstan,,,,0,8
466.p.6723,Christian Koloko,,,,0,2
466.p.6724,Jaylin Williams,,,,0,22
466.p.6725,Max Christie,,,,0,24
466.p.6727,Jaden Hardy,,,,0,19
466.p.6728,Kennedy Chandler,,,,0,-
466.p.6730,Bryce McGowens,,,,0,13
466.p.6731,E.J. Liddell,,,,0,7
466.p.6732,Trevor Keels,,,,0,-
466.p.6733,Moussa Diabat√©,466.l.165651.t.8,Zesty Squad,C,0,23
466.p.6734,Ryan Rollins,466.l.165651.t.13,üåÅ Warriors Throwback üí¶,"PG,SG",0,24
466.p.6735,Josh Minott,466.l.165651.t.7,Sakuragi,"SF,PF",0,22
466.p.6737,Vince Williams Jr.,466.l.165651.t.12,Gab's Minions,"PG,SG,SF",0,18
466.p.6738,Kendall Brown,,,,0,-
466.p.6741,Tyrese Martin,,,,0,22
466.p.6742,Karlo Matkoviƒá,,,,0,13
466.p.6743,JD Davison,,,,0,10
466.p.6745,Gui Santos,,,,0,16
466.p.6746,Luke Travers,,,,0,10
466.p.6747,Jabari Walker,,,,0,21
466.p.6749,Alondes Williams,,,,0,-
466.p.6750,Lester Quinones,,,,0,-
466.p.6751,Collin Gillespie,466.l.165651.t.9,Donation Only,PG,0,23
466.p.6752,Buddy Boeheim,,,,0,-
466.p.6753,Keon Ellis,,,,0,21
466.p.6754,Julian Champagnie,466.l.165651.t.11,Denzel's Grand Team,"SG,SF",0,22
466.p.6755,AJ Green,466.l.165651.t.1,MARK HENRY ALCANTARA,"PG,SG",0,24
466.p.6757,Scotty Pippen Jr.,,,,0,-
466.p.6761,Ron Harper Jr.,,,,0,4
466.p.6762,Johnny Juzang,,,,0,8
466.p.6766,Simone Fontecchio,,,,0,22
466.p.6767,Kevon Harris,,,,0,-
466.p.6772,Pat Spencer,,,,0,15
466.p.6773,Mouhamadou Gueye,,,,0,-
466.p.6776,Quenton Jackson,,,,0,5
466.p.6782,Stanley Umude,,,,0,-
466.p.6783,Jules Bernard,,,,0,-
466.p.6785,Tyson Etienne,,,,0,8
466.p.6786,Daeqwon Plowden,,,,0,1
466.p.6791,Dominick Barlow,466.l.165651.t.12,Gab's Minions,"PF,C",0,13
466.p.6800,Jamaree Bouyea,,,,0,7
466.p.6801,Jamal Cain,,,,0,5
466.p.6802,Orlando Robinson,,,,0,3
466.p.6803,Jared Rhoden,,,,0,-
466.p.6806,Nate Williams,,,,0,-
466.p.6821,Ibou Badji,,,,0,-
466.p.10048,Scoot Henderson,,,,0,-
466.p.10050,Leonard Miller,,,,0,9
466.p.10051,Sidy Cissoko,,,,0,18
466.p.10053,Keaton Wallace,,,,0,22
466.p.10061,Justin Minaya,,,,0,-
466.p.10064,Rayan Rupert,,,,0,16
466.p.10065,Toumani Camara,466.l.165651.t.1,MARK HENRY ALCANTARA,"SF,PF,C",0,23
466.p.10066,Emoni Bates,,,,0,-
466.p.10067,Hunter Tyson,,,,0,8
466.p.10069,Mouhamed Gueye,,,,0,24
466.p.10070,GG Jackson,,,,0,8
466.p.10073,Seth Lundy,,,,0,-
466.p.10074,Jalen Pickett,,,,0,9
466.p.10075,Jordan Walsh,466.l.165651.t.9,Donation Only,"SG,SF,PF",0,19
466.p.10077,Jalen Wilson,,,,0,17
466.p.10078,Tristan Vukcevic,466.l.165651.t.10,ü•∂ ü•∂ ü•∂,"PF,C",0,18
466.p.10079,Maxwell Lewis,,,,0,-
466.p.10080,Trayce Jackson-Davis,,,,0,13
466.p.10082,Andre Jackson Jr.,,,,0,10
466.p.10083,Julian Phillips,,,,0,20
466.p.10084,Jordan Miller,,,,0,4
466.p.10086,Jaylen Clark,,,,0,20
466.p.10087,Colby Jones,,,,0,1
466.p.10088,Chris Livingston,,,,0,3
466.p.10089,Jalen Slawson,,,,0,-
466.p.10092,Jaime Jaquez Jr.,466.l.165651.t.4,ü¶åü¶å ü¶å,"SG,SF,PF",0,22
466.p.10094,Victor Wembanyama,466.l.165651.t.3,The Way of the Wemby,"PF,C",0,12
466.p.10095,Anthony Black,466.l.165651.t.2,Matalim Dede,"PG,SG",0,23
466.p.10096,Ausar Thompson,466.l.165651.t.6,ICC Defenders,"SG,SF,PF",0,19
466.p.10097,Dereck Lively II,466.l.165651.t.11,Denzel's Grand Team,C,0,7
466.p.10098,Jordan Hawkins,,,,0,19
466.p.10099,Bilal Coulibaly,,,,0,12
466.p.10100,Keyonte George,466.l.165651.t.8,Zesty Squad,"PG,SG",0,22
466.p.10101,Gradey Dick,,,,0,24
466.p.10103,Jarace Walker,,,,0,23
466.p.10104,Brandon Miller,466.l.165651.t.5,IBA KA,"SF,PF",0,7
466.p.10105,Kobe Bufkin,,,,0,-
466.p.10106,Jett Howard,,,,0,15
466.p.10107,Cason Wallace,466.l.165651.t.5,IBA KA,"PG,SG,SF",0,22
466.p.10108,Amen Thompson,466.l.165651.t.14,Mervyn's Swag Team,"PG,SG,SF",0,20
466.p.10109,Jalen Hood-Schifino,,,,0,-
466.p.10110,Taylor Hendricks,,,,0,12
466.p.10111,Dariq Whitehead,,,,0,-
466.p.10112,Julian Strawther,,,,0,9
466.p.10113,Ben Sheppard,,,,0,22
466.p.10114,Marcus Sasser,,,,0,-
466.p.10115,Brandin Podziemski,466.l.165651.t.4,ü¶åü¶å ü¶å,"PG,SG",0,23
466.p.10116,Olivier-Maxence Prosper,,,,0,12
466.p.10117,Kobe Brown,,,,0,16
466.p.10118,Cam Whitmore,,,,0,21
466.p.10119,Kris Murray,,,,0,21
466.p.10120,Nick Smith Jr.,,,,0,9
466.p.10121,Noah Clowney,466.l.165651.t.10,ü•∂ ü•∂ ü•∂,"PF,C",0,22
466.p.10122,Brice Sensabaugh,,,,0,21
466.p.10125,Ricky Council IV,,,,0,-
466.p.10127,Oscar Tshiebwe,,,,0,-
466.p.10129,Jacob Toppin,,,,0,5
466.p.10134,Jaylen Martin,,,,0,-
466.p.10141,Drew Timme,,,,0,2
466.p.10145,Craig Porter Jr.,,,,0,21
466.p.10147,Colin Castleton,,,,0,-
466.p.10148,Miles Norris,,,,0,-
466.p.10155,Dexter Dennis,,,,0,-
466.p.10160,Alex Antetokounmpo,,,,0,-
466.p.10161,Javonte Cooke,,,,0,3
466.p.10164,Duop Reath,,,,0,18
466.p.10168,Pete Nance,,,,0,4
466.p.10169,Alex Morales,,,,0,-
466.p.10195,Pedro Bradshaw,,,,0,-
466.p.10199,Tosan Evbuomwan,,,,0,2
466.p.10206,Drew Peterson,,,,0,4
466.p.10210,Charles Bediako,,,,0,-
466.p.10213,Damion Baugh,,,,0,-
466.p.10220,Trey Jemison III,,,,0,3
466.p.10223,Jazian Gortman,,,,0,-
466.p.10225,Taevion Kinsey,,,,0,-
466.p.10244,Adam Flagler,,,,0,-
466.p.10252,Malachi Smith,,,,0,-
466.p.10262,Tyler Smith,,,,0,-
466.p.10263,Ronald Holland II,466.l.165651.t.11,Denzel's Grand Team,"SF,PF",0,23
466.p.10265,Matas Buzelis,466.l.165651.t.2,Matalim Dede,"SF,PF",0,22
466.p.10272,Kyshawn George,466.l.165651.t.6,ICC Defenders,"SG,SF,PF",0,19
466.p.10273,Bub Carrington,466.l.165651.t.6,ICC Defenders,"PG,SG",0,21
466.p.10274,Kel'el Ware,466.l.165651.t.12,Gab's Minions,"PF,C",0,23
466.p.10275,Tristan da Silva,,,,0,23
466.p.10276,Jared McCain,466.l.165651.t.14,Mervyn's Swag Team,"PG,SG",0,13
466.p.10277,Baylor Scheierman,,,,0,19
466.p.10278,Ja'Kobe Walter,,,,0,21
466.p.10279,Jaylon Tyson,466.l.165651.t.8,Zesty Squad,"SG,SF",0,19
466.p.10280,Terrence Shannon Jr.,,,,0,13
466.p.10281,Rob Dillingham,,,,0,20
466.p.10282,Isaiah Collier,,,,0,14
466.p.10283,Cody Williams,,,,0,12
466.p.10284,Dillon Jones,,,,0,-
466.p.10285,Donovan Clingan,466.l.165651.t.6,ICC Defenders,C,0,21
466.p.10286,DaRon Holmes II,,,,0,2
466.p.10287,Zach Edey,466.l.165651.t.3,The Way of the Wemby,C,0,10
466.p.10288,Reed Sheppard,466.l.165651.t.6,ICC Defenders,"PG,SG",0,20
466.p.10289,Yves Missi,,,,0,16
466.p.10290,Stephon Castle,466.l.165651.t.6,ICC Defenders,"PG,SG",0,13
466.p.10291,Dalton Knecht,,,,0,19
466.p.10292,Ryan Dunn,466.l.165651.t.8,Zesty Squad,"SF,PF",0,18
466.p.10293,Devin Carter,,,,0,8
466.p.10294,Alex Sarr,466.l.165651.t.10,ü•∂ ü•∂ ü•∂,C,0,16
466.p.10295,Tidjane Sala√ºn,,,,0,10
466.p.10296,Zaccharie Risacher,466.l.165651.t.11,Denzel's Grand Team,"SF,PF",0,21
466.p.10297,Pac√¥me Dadiet,,,,0,9
466.p.10300,AJ Johnson,,,,0,9
466.p.10301,Nikola Topiƒá,,,,0,-
466.p.10303,Kevin McCullar Jr.,,,,0,-
466.p.10304,Ajay Mitchell,466.l.165651.t.13,üåÅ Warriors Throwback üí¶,"PG,SG",0,23
466.p.10305,Johnny Furphy,,,,0,5
466.p.10308,Quinten Post,,,,0,23
466.p.10309,Jalen Bridges,,,,0,-
466.p.10310,Justin Edwards,,,,0,20
466.p.10311,Keshad Johnson,,,,0,8
466.p.10312,Pelle Larsson,,,,0,23
466.p.10313,Oso Ighodaro,,,,0,23
466.p.10314,Tyler Kolek,,,,0,18
466.p.10315,Kyle Filipowski,466.l.165651.t.7,Sakuragi,"PF,C",0,21
466.p.10316,Daniss Jenkins,,,,0,18
466.p.10317,Ariel Hukporti,,,,0,14
466.p.10318,Tristen Newton,,,,0,-
466.p.10320,Isaiah Crawford,,,,0,1
466.p.10321,Anton Watson,,,,0,-
466.p.10322,Nikola ƒêuri≈°iƒá,,,,0,-
466.p.10323,KJ Simpson,,,,0,10
466.p.10324,Enrique Freeman,,,,0,-
466.p.10325,Ulrich Chomche,,,,0,-
466.p.10327,Cam Spencer,466.l.165651.t.12,Gab's Minions,SG,0,23
466.p.10328,N'Faly Dante,,,,0,4
466.p.10329,PJ Hall,,,,0,7
466.p.10330,Jonathan Mogbo,,,,0,10
466.p.10331,Bobi Klintman,,,,0,6
466.p.10332,Reece Beekman,,,,0,-
466.p.10333,Jamal Shead,466.l.165651.t.3,The Way of the Wemby,PG,0,24
466.p.10335,Adem Bona,,,,0,17
466.p.10336,Harrison Ingram,,,,0,3
466.p.10337,Cam Christie,,,,0,16
466.p.10338,Antonio Reeves,,,,0,5
466.p.10339,Bronny James,,,,0,13
466.p.10340,Jaylen Wells,466.l.165651.t.13,üåÅ Warriors Throwback üí¶,"SG,SF",0,23
466.p.10341,Isaac Jones,,,,0,4
466.p.10342,Branden Carlson,,,,0,15
466.p.10343,Alex Ducas,,,,0,-
466.p.10344,Zyon Pullin,,,,0,-
466.p.10352,Sean East II,,,,0,-
466.p.10358,Jackson Rowe,,,,0,-
466.p.10367,Riley Minix,,,,0,3
466.p.10372,David Jones Garcia,,,,0,10
466.p.10383,Isaiah Stevens,,,,0,-
466.p.10385,Trey Alexander,,,,0,3
466.p.10387,Jesse Edwards,,,,0,-
466.p.10389,Jack McVeigh,,,,0,-
466.p.10391,Jamison Battle,,,,0,17
466.p.10392,Tristan Enaruna,,,,0,-
466.p.10393,Spencer Jones,,,,0,18
466.p.10395,Trentyn Flowers,,,,0,1
466.p.10397,Nae'Qwan Tomlin,,,,0,15
466.p.10400,Gabe McGlothan,,,,0,-
466.p.10402,Jahmir Young,,,,0,4
466.p.10407,Max Abmas,,,,0,-
466.p.10409,Keion Brooks Jr.,,,,0,-
466.p.10410,Emanuel Miller,,,,0,4
466.p.10411,Malevy Leons,,,,0,-
466.p.10412,Cormac Ryan,,,,0,-
466.p.10413,Alex Reese,,,,0,-
466.p.10415,Yuki Kawamura,,,,0,-
466.p.10416,RayJ Dennis,,,,0,13
466.p.10418,Tolu Smith,,,,0,2
466.p.10421,Miller Kopp,,,,0,-
466.p.10423,Elijah Harkless,,,,0,7
466.p.10435,Taran Armstrong,,,,0,-
466.p.10436,Phillip Wheeler,,,,0,-
466.p.10440,Jeremiah Fears,466.l.165651.t.3,The Way of the Wemby,PG,0,23
466.p.10441,Yanic Konan Niederh√§user,,,,0,11
466.p.10442,Noa Essengue,,,,0,2
466.p.10443,Collin Murray-Boyles,,,,0,19
466.p.10444,Derik Queen,466.l.165651.t.3,The Way of the Wemby,"PF,C",0,23
466.p.10445,Egor D√´min,,,,0,20
466.p.10446,Liam McNeeley,,,,0,17
466.p.10447,Khaman Maluach,,,,0,11
466.p.10448,Tre Johnson,,,,0,15
466.p.10449,Will Riley,,,,0,15
466.p.10450,Kon Knueppel,466.l.165651.t.2,Matalim Dede,"SG,SF",0,23
466.p.10451,Asa Newell,,,,0,14
466.p.10452,Kasparas Jakuƒçionis,,,,0,1
466.p.10453,Jase Richardson,,,,0,13
466.p.10454,VJ Edgecombe,466.l.165651.t.5,IBA KA,"PG,SG",0,19
466.p.10455,Nolan Traore,,,,0,4
466.p.10456,Danny Wolf,,,,0,8
466.p.10457,Drake Powell,,,,0,15
466.p.10458,Ben Saraf,,,,0,11
466.p.10459,Hugo Gonz√°lez,,,,0,18
466.p.10460,Joan Beringer,,,,0,9
466.p.10461,Walter Clayton Jr.,,,,0,18
466.p.10462,Ace Bailey,466.l.165651.t.9,Donation Only,"SG,SF",0,22
466.p.10463,Thomas Sorber,,,,0,-
466.p.10464,Yang Hansen,,,,0,12
466.p.10465,Cedric Coward,,,,0,23
466.p.10466,Carter Bryant,,,,0,17
466.p.10467,Dylan Harper,466.l.165651.t.9,Donation Only,"PG,SG",0,12
466.p.10468,Cooper Flagg,466.l.165651.t.3,The Way of the Wemby,"PG,SG,SF",0,23
466.p.10469,Nique Clifford,,,,0,18
466.p.10470,Kobe Sanders,,,,0,15
466.p.10471,Mohamed Diawara,,,,0,15
466.p.10472,Tyrese Proctor,,,,0,18
466.p.10473,Amari Williams,,,,0,6
466.p.10474,Johni Broome,,,,0,6
466.p.10475,Koby Brea,,,,0,2
466.p.10476,Ryan Kalkbrenner,466.l.165651.t.1,MARK HENRY ALCANTARA,C,0,21
466.p.10477,Bogoljub Markoviƒá,,,,0,-
466.p.10478,Brooks Barnhizer,,,,0,16
466.p.10479,Noah Penda,,,,0,12
466.p.10480,Rocco Zikarsky,,,,0,-
466.p.10481,Saliou Niang,,,,0,-
466.p.10482,Lachlan Olbrich,,,,0,4
466.p.10483,Max Shulga,,,,0,-
466.p.10484,Alex Toohey,,,,0,-
466.p.10485,Will Richard,,,,0,21
466.p.10486,Chaz Lanier,,,,0,12
466.p.10487,Kam Jones,,,,0,-
466.p.10488,Adou Thiero,,,,0,7
466.p.10489,Jamir Watkins,,,,0,6
466.p.10490,Alijah Martin,,,,0,-
466.p.10491,Jahmai Mashack,,,,0,1
466.p.10492,Taelon Peter,,,,0,15
466.p.10493,John Tonje,,,,0,-
466.p.10494,Javon Small,,,,0,8
466.p.10495,Rasheer Fleming,,,,0,12
466.p.10496,Maxime Raynaud,466.l.165651.t.4,ü¶åü¶å ü¶å,C,0,14
466.p.10497,Micah Peavy,,,,0,19
466.p.10498,Sion James,,,,0,23
466.p.10499,Hunter Sallis,,,,0,6
466.p.10500,Mark Sears,,,,0,7
466.p.10501,Hunter Dickinson,,,,0,1
466.p.10502,Eli John Ndiaye,,,,0,-
466.p.10503,RJ Luis Jr.,,,,0,-
466.p.10504,Miles Kelly,,,,0,2
466.p.10505,Vladislav Goldin,,,,0,-
466.p.10506,Chucky Hepburn,,,,0,1
466.p.10507,Eric Dixon,,,,0,-
466.p.10508,Caleb Love,,,,0,15
466.p.10509,Tamar Bates,,,,0,-
466.p.10510,Dylan Cardwell,,,,0,3
466.p.10511,Ryan Nembhard,466.l.165651.t.9,Donation Only,PG,0,11
466.p.10512,CJ Huntley,,,,0,-
466.p.10513,Cameron Matthews,,,,0,-
466.p.10515,Curtis Jones,,,,0,2
466.p.10516,Chris Ma√±on,,,,0,2
466.p.10517,Myron Gardner,,,,0,4
466.p.10518,Augustas Marƒçiulionis,,,,0,-
466.p.10519,Arthur Kaluma,,,,0,-
466.p.10520,R.J. Davis,,,,0,-
466.p.10522,Garrison Brooks,,,,0,-
466.p.10523,Tyrese Samuel,,,,0,-
466.p.10524,Moussa Cisse,,,,0,17
466.p.10525,Matthew Cleveland,,,,0,-
466.p.10526,Norchad Omier,,,,0,-
466.p.10527,Chaney Johnson,,,,0,-
466.p.10528,Lawson Lovering,,,,0,-
466.p.10529,Tyler Burton,,,,0,-
466.p.10530,Keshon Gilbert,,,,0,-
466.p.10531,Jonathan Pierre,,,,0,-
466.p.10532,John Poulakidas,,,,0,-
466.p.10533,Jahmyl Telfort,,,,0,8
466.p.10535,Steven Crowl,,,,0,-
466.p.10536,Chris Youngblood,,,,0,17
466.p.10537,Igor Milicic Jr.,,,,0,-
466.p.10538,Zack Austin,,,,0,-
466.p.10539,Christian Shumate,,,,0,-
466.p.10540,Matthew Murrell,,,,0,-
466.p.10541,Fanbo Zeng,,,,0,-
466.p.10542,Dawson Garcia,,,,0,-
466.p.10543,Brice Williams,,,,0,-
466.p.10544,LJ Cryer,,,,0,-
466.p.10545,Dain Dainja,,,,0,-
466.p.10546,Saint Thomas,,,,0,-
466.p.10547,Johnell Davis,,,,0,-
466.p.10548,Daniel Batcho,,,,0,-
466.p.10549,Mitch Mascari,,,,0,-
466.p.10550,Gabe Madsen,,,,0,-
466.p.10553,Lamont Butler,,,,0,-
466.p.10554,Kadary Richmond,,,,0,-
466.p.10555,Steve Settle III,,,,0,-
466.p.10556,Darius Brown,,,,0,-
466.p.10559,Julian Reese,,,,0,-
